_id,createdAt,email,phoneNumber,status,textNotification,type,isVerified,isActiveUser,isActiveBeautician,inActivateUserDate
63c6c9d0cd82acc3fa8658b2,2023-01-17T16:16:16.134Z,adebybukii@gmail.com,(517) 578-7282,active,,"[""client"",""beautician"",""beautician""]",,,,
63c7eed4cd82acc3fa8658e5,2023-01-18T13:06:28.902Z,xcellentxtensions@gmail.com,null,active,,"[""client""]",,,,
63c856b6cd82acc3fa8658eb,2023-01-18T20:29:42.366Z,jennyowale@hotmail.com,(514) 318-6101,,,,,,,
63caf474cd82acc3fa865900,2023-01-20T20:07:16.655Z,,null,active,,"[""client""]",,,,
63d7de26cd82acc3fa865b23,2023-01-30T15:11:34.810Z,thegoldencompact@gmail.com,(416) 737-6392,,,,,,,
63d97df6cd82acc3fa865c7d,2023-01-31T20:45:42.579Z,goyalridhi2198765@gmail.com,null,active,,"[""client""]",,,,
63dd3714cd82acc3fa865cc8,2023-02-03T16:32:20.225Z,studiowick@mail.com,(514) 898-9425,active,,"[""client"",""beautician"",""beautician""]",,,,
63e662c0cd82acc3fa865d76,2023-02-10T15:29:04.258Z,smilesandstorms@gmail.com,null,active,,"[""client""]",,,,
63e9a5a3cd82acc3fa865d7d,2023-02-13T02:51:15.169Z,sicparvismagna1234@gmail.com,null,active,,"[""client""]",,,,
63ea8172cd82acc3fa865d84,2023-02-13T18:29:06.006Z,bdiacre@gmail.com,null,active,,"[""client""]",,,,
63ef7d10cd82acc3fa865e09,2023-02-17T13:11:44.571Z,l.a.beaute@hotmail.com,(514) 909-3058,active,,"[""client"",""beautician"",""beautician""]",,,,
63fcf8cc32d28cbf3965650d,2023-02-27T18:39:08.378Z,lanrexonline1@gmail.com,null,active,,"[""client""]",,,,
6400fa1fa5c808f1e7366a23,2023-03-02T19:33:51.070Z,palermofonollosa@gmail.com,null,active,,"[""client""]",,,,
6400fa56a5c808f1e7366a2a,2023-03-02T19:34:46.199Z,jazzy13023@gmail.com,null,active,,"[""client""]",,,,
640223fca5c808f1e7366a34,2023-03-03T16:44:44.701Z,admanourish@gmail.com,null,active,,"[""client""]",,,,
640224d4a5c808f1e7366a3b,2023-03-03T16:48:20.407Z,morolakebaby@yahoo.com,null,active,,"[""client""]",,,,
6405e68ba5c808f1e7366a42,2023-03-06T13:11:39.014Z,susankarimu@gmail.com,(514) 709-8276,active,,"[""client"",""beautician"",""beautician""]",,,,
64072c4912981468b8deea23,2023-03-07T12:21:29.377Z,notification@sliike.com,(647) 686-2952,active,,"[""client"",""beautician"",""beautician""]",,,,
640803a512981468b8deec93,2023-03-08T03:40:21.031Z,red.rosestudio@outlook.com,null,active,,"[""client"",""beautician"",""beautician"",""beautician"",""beautician""]",,,,
6408124012981468b8deedae,2023-03-08T04:42:40.391Z,bushratariq278151@gmail.com,(647) 673-6313,active,,"[""client"",""beautician"",""beautician""]",,,,
6408c8e612981468b8deee58,2023-03-08T17:41:58.965Z,amans_bhandal@yahoo.ca,(416) 556-4358,active,,"[""client"",""beautician"",""beautician""]",,,,
6408e2b312981468b8deeec8,2023-03-08T19:32:03.447Z,alliesbeautylounge@outlook.com,(647) 888-8411,active,,"[""client"",""beautician"",""beautician""]",,,,
640d89d612981468b8def0b9,2023-03-12T08:14:14.645Z,lumineuxbynoreen@gmail.com,(647) 897-6766,active,,"[""client"",""beautician"",""beautician""]",,,,
6412baaf12981468b8def154,2023-03-16T06:43:59.274Z,jadey132209@yahoo.com,null,active,,"[""client""]",,,,
64149f4e12981468b8def17c,2023-03-17T17:11:42.514Z,hairbyzoyars@gmail.com,null,active,,"[""client""]",,,,
6414b96912981468b8def184,2023-03-17T19:03:05.377Z,allie@nailicioustoronto.com,(647) 679-1178,active,,"[""client"",""beautician"",""beautician""]",,,,
6417bafd12981468b8def210,2023-03-20T01:46:37.392Z,loveyourbeauty751@gmail.com,null,active,,"[""client""]",,,,
641b4322a1f69ca33a1a42d0,2023-03-22T18:04:18.652Z,chinazamaryann19@gmail.com,(514) 229-4486,active,,"[""client"",""beautician"",""beautician""]",,,,
641dfcebda6887cd73d14aab,2023-03-24T19:41:31.871Z,jkarimu21ng@gmail.com,(514) 797-8276,active,,"[""client"",""beautician"",""beautician""]",,,,
641fc527da6887cd73d14af0,2023-03-26T04:08:07.014Z,agbetunsinmojire@gmail.com,null,active,,"[""client""]",,,,
6422f298da6887cd73d14b46,2023-03-28T13:58:48.476Z,chendianwangshi@gmail.com,null,active,,"[""client""]",,,,
6425b689da6887cd73d14b6c,2023-03-30T16:19:21.594Z,missisgoodlooking@gmail.com,null,active,,"[""client""]",,,,
643108eeda6887cd73d14ca6,2023-04-08T06:25:50.581Z,taz.saeedi@gmail.com,null,active,,"[""client""]",,,,
6434c84fda6887cd73d14d52,2023-04-11T02:39:11.483Z,maryjane4canada@gmail.com,null,active,,"[""client""]",,,,
6435515eda6887cd73d14d63,2023-04-11T12:23:58.609Z,fhunny@lakeheadu.ca,(807) 627-0983,active,,"[""client"",""beautician"",""beautician"",""beautician"",""beautician"",""beautician"",""beautician""]",,,,
6435cdebda6887cd73d14dc0,2023-04-11T21:15:23.237Z,ruqayyaperfumes@gmail.com,(647) 228-6399,active,,"[""client"",""beautician"",""beautician""]",,,,
64399d471791f6c12d7a02ee,2023-04-14T18:36:55.432Z,diariesofanmua@gmail.com,null,active,,"[""client""]",,,,
643d76cb1791f6c12d7a0352,2023-04-17T16:41:47.622Z,daohoangminhca@gmail.com,(717) 176-2627,,,,,,,
644a9d281791f6c12d7a05c8,2023-04-27T16:04:56.492Z,madhurvashisht@gmail.com,null,active,,"[""client""]",,,,
64502bd71791f6c12d7a060e,2023-05-01T21:15:03.010Z,mason@digitalguider.com,null,active,,"[""client""]",,,,
645d113a88060762375ed292,2023-05-11T16:00:58.810Z,jkarimu20ng@yahoo.fr,15147978276,active,both,"[""client"",""beautician""]",,,,
646fe1863bedeffc5ffceaeb,2023-05-25T22:30:30.383Z,tomf4064@gmail.com,null,active,both,"[""client""]",,,,
